week,team,opponent,site,gameday
1,NE,SEA,A,2026-09-09
1,SEA,NE,H,2026-09-09
1,SF,LA,A,2026-09-10
1,LA,SF,H,2026-09-10
1,CHI,CAR,A,2026-09-13
1,CAR,CHI,H,2026-09-13
1,TB,CIN,A,2026-09-13
1,CIN,TB,H,2026-09-13
1,NO,DET,A,2026-09-13
1,DET,NO,H,2026-09-13
1,BUF,HOU,A,2026-09-13
1,HOU,BUF,H,2026-09-13
1,BAL,IND,A,2026-09-13
1,IND,BAL,H,2026-09-13
1,CLE,JAX,A,2026-09-13
1,JAX,CLE,H,2026-09-13
1,ATL,PIT,A,2026-09-13
1,PIT,ATL,H,2026-09-13
1,NYJ,TEN,A,2026-09-13
1,TEN,NYJ,H,2026-09-13
1,ARI,LAC,A,2026-09-13
1,LAC,ARI,H,2026-09-13
1,MIA,LV,A,2026-09-13
1,LV,MIA,H,2026-09-13
1,GB,MIN,A,2026-09-13
1,MIN,GB,H,2026-09-13
1,WAS,PHI,A,2026-09-13
1,PHI,WAS,H,2026-09-13
1,DAL,NYG,A,2026-09-13
1,NYG,DAL,H,2026-09-13
1,DEN,KC,A,2026-09-14
1,KC,DEN,H,2026-09-14
2,DET,BUF,A,2026-09-17
2,BUF,DET,H,2026-09-17
2,CAR,ATL,A,2026-09-20
2,ATL,CAR,H,2026-09-20
2,NO,BAL,A,2026-09-20
2,BAL,NO,H,2026-09-20
2,MIN,CHI,A,2026-09-20
2,CHI,MIN,H,2026-09-20
2,CIN,HOU,A,2026-09-20
2,HOU,CIN,H,2026-09-20
2,PIT,NE,A,2026-09-20
2,NE,PIT,H,2026-09-20
2,GB,NYJ,A,2026-09-20
2,NYJ,GB,H,2026-09-20
2,CLE,TB,A,2026-09-20
2,TB,CLE,H,2026-09-20
2,PHI,TEN,A,2026-09-20
2,TEN,PHI,H,2026-09-20
2,JAX,DEN,A,2026-09-20
2,DEN,JAX,H,2026-09-20
2,LV,LAC,A,2026-09-20
2,LAC,LV,H,2026-09-20
2,SEA,ARI,A,2026-09-20
2,ARI,SEA,H,2026-09-20
2,WAS,DAL,A,2026-09-20
2,DAL,WAS,H,2026-09-20
2,MIA,SF,A,2026-09-20
2,SF,MIA,H,2026-09-20
2,IND,KC,A,2026-09-20
2,KC,IND,H,2026-09-20
2,NYG,LA,A,2026-09-21
2,LA,NYG,H,2026-09-21
3,ATL,GB,A,2026-09-24
3,GB,ATL,H,2026-09-24
3,LAC,BUF,A,2026-09-27
3,BUF,LAC,H,2026-09-27
3,CAR,CLE,A,2026-09-27
3,CLE,CAR,H,2026-09-27
3,NYJ,DET,A,2026-09-27
3,DET,NYJ,H,2026-09-27
3,HOU,IND,A,2026-09-27
3,IND,HOU,H,2026-09-27
3,NE,JAX,A,2026-09-27
3,JAX,NE,H,2026-09-27
3,KC,MIA,A,2026-09-27
3,MIA,KC,H,2026-09-27
3,TEN,NYG,A,2026-09-27
3,NYG,TEN,H,2026-09-27
3,CIN,PIT,A,2026-09-27
3,PIT,CIN,H,2026-09-27
3,SEA,WAS,A,2026-09-27
3,WAS,SEA,H,2026-09-27
3,ARI,SF,A,2026-09-27
3,SF,ARI,H,2026-09-27
3,MIN,TB,A,2026-09-27
3,TB,MIN,H,2026-09-27
3,BAL,DAL,A,2026-09-27
3,DAL,BAL,H,2026-09-27
3,LV,NO,A,2026-09-27
3,NO,LV,H,2026-09-27
3,LA,DEN,A,2026-09-27
3,DEN,LA,H,2026-09-27
3,PHI,CHI,A,2026-09-28
3,CHI,PHI,H,2026-09-28
4,PIT,CLE,A,2026-10-01
4,CLE,PIT,H,2026-10-01
4,IND,WAS,A,2026-10-04
4,WAS,IND,H,2026-10-04
4,TEN,BAL,A,2026-10-04
4,BAL,TEN,H,2026-10-04
4,NE,BUF,A,2026-10-04
4,BUF,NE,H,2026-10-04
4,NYJ,CHI,A,2026-10-04
4,CHI,NYJ,H,2026-10-04
4,JAX,CIN,A,2026-10-04
4,CIN,JAX,H,2026-10-04
4,DAL,HOU,A,2026-10-04
4,HOU,DAL,H,2026-10-04
4,ARI,NYG,A,2026-10-04
4,NYG,ARI,H,2026-10-04
4,LA,PHI,A,2026-10-04
4,PHI,LA,H,2026-10-04
4,GB,TB,A,2026-10-04
4,TB,GB,H,2026-10-04
4,MIA,MIN,A,2026-10-04
4,MIN,MIA,H,2026-10-04
4,KC,LV,A,2026-10-04
4,LV,KC,H,2026-10-04
4,LAC,SEA,A,2026-10-04
4,SEA,LAC,H,2026-10-04
4,DEN,SF,A,2026-10-04
4,SF,DEN,H,2026-10-04
4,DET,CAR,A,2026-10-04
4,CAR,DET,H,2026-10-04
4,ATL,NO,A,2026-10-05
4,NO,ATL,H,2026-10-05
5,TB,DAL,A,2026-10-08
5,DAL,TB,H,2026-10-08
5,PHI,JAX,A,2026-10-11
5,JAX,PHI,H,2026-10-11
5,CIN,MIA,A,2026-10-11
5,MIA,CIN,H,2026-10-11
5,LV,NE,A,2026-10-11
5,NE,LV,H,2026-10-11
5,MIN,NO,A,2026-10-11
5,NO,MIN,H,2026-10-11
5,CLE,NYJ,A,2026-10-11
5,NYJ,CLE,H,2026-10-11
5,IND,PIT,A,2026-10-11
5,PIT,IND,H,2026-10-11
5,HOU,TEN,A,2026-10-11
5,TEN,HOU,H,2026-10-11
5,NYG,WAS,A,2026-10-11
5,WAS,NYG,H,2026-10-11
5,DEN,LAC,A,2026-10-11
5,LAC,DEN,H,2026-10-11
5,DET,ARI,A,2026-10-11
5,ARI,DET,H,2026-10-11
5,CHI,GB,A,2026-10-11
5,GB,CHI,H,2026-10-11
5,SF,SEA,A,2026-10-11
5,SEA,SF,H,2026-10-11
5,BAL,ATL,A,2026-10-11
5,ATL,BAL,H,2026-10-11
5,BUF,LA,A,2026-10-12
5,LA,BUF,H,2026-10-12
6,SEA,DEN,A,2026-10-15
6,DEN,SEA,H,2026-10-15
6,HOU,JAX,A,2026-10-18
6,JAX,HOU,H,2026-10-18
6,CHI,ATL,A,2026-10-18
6,ATL,CHI,H,2026-10-18
6,BAL,CLE,A,2026-10-18
6,CLE,BAL,H,2026-10-18
6,TEN,IND,A,2026-10-18
6,IND,TEN,H,2026-10-18
6,NYJ,NE,A,2026-10-18
6,NE,NYJ,H,2026-10-18
6,NO,NYG,A,2026-10-18
6,NYG,NO,H,2026-10-18
6,CAR,PHI,A,2026-10-18
6,PHI,CAR,H,2026-10-18
6,PIT,TB,A,2026-10-18
6,TB,PIT,H,2026-10-18
6,ARI,LA,A,2026-10-18
6,LA,ARI,H,2026-10-18
6,LAC,KC,A,2026-10-18
6,KC,LAC,H,2026-10-18
6,BUF,LV,A,2026-10-18
6,LV,BUF,H,2026-10-18
6,DAL,GB,A,2026-10-18
6,GB,DAL,H,2026-10-18
6,WAS,SF,A,2026-10-19
6,SF,WAS,H,2026-10-19
7,NE,CHI,A,2026-10-22
7,CHI,NE,H,2026-10-22
7,PIT,NO,A,2026-10-25
7,NO,PIT,H,2026-10-25
7,SF,ATL,A,2026-10-25
7,ATL,SF,H,2026-10-25
7,CIN,BAL,A,2026-10-25
7,BAL,CIN,H,2026-10-25
7,TB,CAR,A,2026-10-25
7,CAR,TB,H,2026-10-25
7,NYG,HOU,A,2026-10-25
7,HOU,NYG,H,2026-10-25
7,IND,MIN,A,2026-10-25
7,MIN,IND,H,2026-10-25
7,MIA,NYJ,A,2026-10-25
7,NYJ,MIA,H,2026-10-25
7,CLE,TEN,A,2026-10-25
7,TEN,CLE,H,2026-10-25
7,DEN,ARI,A,2026-10-25
7,ARI,DEN,H,2026-10-25
7,GB,DET,A,2026-10-25
7,DET,GB,H,2026-10-25
7,LA,LV,A,2026-10-25
7,LV,LA,H,2026-10-25
7,KC,SEA,A,2026-10-25
7,SEA,KC,H,2026-10-25
7,DAL,PHI,A,2026-10-26
7,PHI,DAL,H,2026-10-26
8,CAR,GB,A,2026-10-29
8,GB,CAR,H,2026-10-29
8,BAL,BUF,A,2026-11-01
8,BUF,BAL,H,2026-11-01
8,TEN,CIN,A,2026-11-01
8,CIN,TEN,H,2026-11-01
8,ARI,DAL,A,2026-11-01
8,DAL,ARI,H,2026-11-01
8,MIN,DET,A,2026-11-01
8,DET,MIN,H,2026-11-01
8,IND,JAX,A,2026-11-01
8,JAX,IND,H,2026-11-01
8,LV,NYJ,A,2026-11-01
8,NYJ,LV,H,2026-11-01
8,CLE,PIT,A,2026-11-01
8,PIT,CLE,H,2026-11-01
8,ATL,TB,A,2026-11-01
8,TB,ATL,H,2026-11-01
8,LAC,LA,A,2026-11-01
8,LA,LAC,H,2026-11-01
8,KC,DEN,A,2026-11-01
8,DEN,KC,H,2026-11-01
8,NE,MIA,A,2026-11-01
8,MIA,NE,H,2026-11-01
8,PHI,WAS,A,2026-11-01
8,WAS,PHI,H,2026-11-01
8,CHI,SEA,A,2026-11-02
8,SEA,CHI,H,2026-11-02
9,JAX,BAL,A,2026-11-05
9,BAL,JAX,H,2026-11-05
9,CIN,ATL,A,2026-11-08
9,ATL,CIN,H,2026-11-08
9,DEN,CAR,A,2026-11-08
9,CAR,DEN,H,2026-11-08
9,DAL,IND,A,2026-11-08
9,IND,DAL,H,2026-11-08
9,NYJ,KC,A,2026-11-08
9,KC,NYJ,H,2026-11-08
9,DET,MIA,A,2026-11-08
9,MIA,DET,H,2026-11-08
9,CLE,NO,A,2026-11-08
9,NO,CLE,H,2026-11-08
9,NYG,PHI,A,2026-11-08
9,PHI,NYG,H,2026-11-08
9,LA,WAS,A,2026-11-08
9,WAS,LA,H,2026-11-08
9,HOU,LAC,A,2026-11-08
9,LAC,HOU,H,2026-11-08
9,LV,SF,A,2026-11-08
9,SF,LV,H,2026-11-08
9,GB,NE,A,2026-11-08
9,NE,GB,H,2026-11-08
9,ARI,SEA,A,2026-11-08
9,SEA,ARI,H,2026-11-08
9,TB,CHI,A,2026-11-08
9,CHI,TB,H,2026-11-08
9,BUF,MIN,A,2026-11-09
9,MIN,BUF,H,2026-11-09
10,WAS,NYG,A,2026-11-12
10,NYG,WAS,H,2026-11-12
10,NE,DET,A,2026-11-15
10,DET,NE,H,2026-11-15
10,KC,ATL,A,2026-11-15
10,ATL,KC,H,2026-11-15
10,HOU,CLE,A,2026-11-15
10,CLE,HOU,H,2026-11-15
10,MIN,GB,A,2026-11-15
10,GB,MIN,H,2026-11-15
10,MIA,IND,A,2026-11-15
10,IND,MIA,H,2026-11-15
10,CAR,NO,A,2026-11-15
10,NO,CAR,H,2026-11-15
10,BUF,NYJ,A,2026-11-15
10,NYJ,BUF,H,2026-11-15
10,JAX,TEN,A,2026-11-15
10,TEN,JAX,H,2026-11-15
10,LA,ARI,A,2026-11-15
10,ARI,LA,H,2026-11-15
10,SEA,LV,A,2026-11-15
10,LV,SEA,H,2026-11-15
10,SF,DAL,A,2026-11-15
10,DAL,SF,H,2026-11-15
10,PIT,CIN,A,2026-11-15
10,CIN,PIT,H,2026-11-15
10,LAC,BAL,A,2026-11-16
10,BAL,LAC,H,2026-11-16
11,IND,HOU,A,2026-11-19
11,HOU,IND,H,2026-11-19
11,MIA,BUF,A,2026-11-22
11,BUF,MIA,H,2026-11-22
11,BAL,CAR,A,2026-11-22
11,CAR,BAL,H,2026-11-22
11,NO,CHI,A,2026-11-22
11,CHI,NO,H,2026-11-22
11,TEN,DAL,A,2026-11-22
11,DAL,TEN,H,2026-11-22
11,TB,DET,A,2026-11-22
11,DET,TB,H,2026-11-22
11,ARI,KC,A,2026-11-22
11,KC,ARI,H,2026-11-22
11,JAX,NYG,A,2026-11-22
11,NYG,JAX,H,2026-11-22
11,NYJ,LAC,A,2026-11-22
11,LAC,NYJ,H,2026-11-22
11,LV,DEN,A,2026-11-22
11,DEN,LV,H,2026-11-22
11,PIT,PHI,A,2026-11-22
11,PHI,PIT,H,2026-11-22
11,MIN,SF,A,2026-11-22
11,SF,MIN,H,2026-11-22
11,CIN,WAS,A,2026-11-23
11,WAS,CIN,H,2026-11-23
12,GB,LA,A,2026-11-25
12,LA,GB,H,2026-11-25
12,CHI,DET,A,2026-11-26
12,DET,CHI,H,2026-11-26
12,PHI,DAL,A,2026-11-26
12,DAL,PHI,H,2026-11-26
12,KC,BUF,A,2026-11-26
12,BUF,KC,H,2026-11-26
12,DEN,PIT,A,2026-11-27
12,PIT,DEN,H,2026-11-27
12,NO,CIN,A,2026-11-29
12,CIN,NO,H,2026-11-29
12,LV,CLE,A,2026-11-29
12,CLE,LV,H,2026-11-29
12,BAL,HOU,A,2026-11-29
12,HOU,BAL,H,2026-11-29
12,NYG,IND,A,2026-11-29
12,IND,NYG,H,2026-11-29
12,NYJ,MIA,A,2026-11-29
12,MIA,NYJ,H,2026-11-29
12,ATL,MIN,A,2026-11-29
12,MIN,ATL,H,2026-11-29
12,TEN,JAX,A,2026-11-29
12,JAX,TEN,H,2026-11-29
12,WAS,ARI,A,2026-11-29
12,ARI,WAS,H,2026-11-29
12,SEA,SF,A,2026-11-29
12,SF,SEA,H,2026-11-29
12,NE,LAC,A,2026-11-29
12,LAC,NE,H,2026-11-29
12,CAR,TB,A,2026-11-30
12,TB,CAR,H,2026-11-30
13,KC,LA,A,2026-12-03
13,LA,KC,H,2026-12-03
13,DET,ATL,A,2026-12-06
13,ATL,DET,H,2026-12-06
13,JAX,CHI,A,2026-12-06
13,CHI,JAX,H,2026-12-06
13,CIN,CLE,A,2026-12-06
13,CLE,CIN,H,2026-12-06
13,GB,NO,A,2026-12-06
13,NO,GB,H,2026-12-06
13,SF,NYG,A,2026-12-06
13,NYG,SF,H,2026-12-06
13,LAC,TB,A,2026-12-06
13,TB,LAC,H,2026-12-06
13,WAS,TEN,A,2026-12-06
13,TEN,WAS,H,2026-12-06
13,PHI,ARI,A,2026-12-06
13,ARI,PHI,H,2026-12-06
13,MIA,DEN,A,2026-12-06
13,DEN,MIA,H,2026-12-06
13,CAR,MIN,A,2026-12-06
13,MIN,CAR,H,2026-12-06
13,BUF,NE,A,2026-12-06
13,NE,BUF,H,2026-12-06
13,HOU,PIT,A,2026-12-06
13,PIT,HOU,H,2026-12-06
13,DAL,SEA,A,2026-12-07
13,SEA,DAL,H,2026-12-07
14,MIN,NE,A,2026-12-10
14,NE,MIN,H,2026-12-10
14,TB,BAL,A,2026-12-13
14,BAL,TB,H,2026-12-13
14,NO,CAR,A,2026-12-13
14,CAR,NO,H,2026-12-13
14,ATL,CLE,A,2026-12-13
14,CLE,ATL,H,2026-12-13
14,TEN,DET,A,2026-12-13
14,DET,TEN,H,2026-12-13
14,CHI,MIA,A,2026-12-13
14,MIA,CHI,H,2026-12-13
14,DEN,NYJ,A,2026-12-13
14,NYJ,DEN,H,2026-12-13
14,IND,PHI,A,2026-12-13
14,PHI,IND,H,2026-12-13
14,HOU,WAS,A,2026-12-13
14,WAS,HOU,H,2026-12-13
14,LAC,LV,A,2026-12-13
14,LV,LAC,H,2026-12-13
14,KC,CIN,A,2026-12-13
14,CIN,KC,H,2026-12-13
14,NYG,SEA,A,2026-12-13
14,SEA,NYG,H,2026-12-13
14,LA,SF,A,2026-12-13
14,SF,LA,H,2026-12-13
14,BUF,GB,A,2026-12-13
14,GB,BUF,H,2026-12-13
14,PIT,JAX,A,2026-12-14
14,JAX,PIT,H,2026-12-14
15,SF,LAC,A,2026-12-17
15,LAC,SF,H,2026-12-17
15,SEA,PHI,A,2026-12-19
15,PHI,SEA,H,2026-12-19
15,CHI,BUF,A,2026-12-19
15,BUF,CHI,H,2026-12-19
15,CIN,CAR,A,2026-12-20
15,CAR,CIN,H,2026-12-20
15,MIA,GB,A,2026-12-20
15,GB,MIA,H,2026-12-20
15,JAX,HOU,A,2026-12-20
15,HOU,JAX,H,2026-12-20
15,CLE,NYG,A,2026-12-20
15,NYG,CLE,H,2026-12-20
15,BAL,PIT,A,2026-12-20
15,PIT,BAL,H,2026-12-20
15,NO,TB,A,2026-12-20
15,TB,NO,H,2026-12-20
15,IND,TEN,A,2026-12-20
15,TEN,IND,H,2026-12-20
15,ATL,WAS,A,2026-12-20
15,WAS,ATL,H,2026-12-20
15,NYJ,ARI,A,2026-12-20
15,ARI,NYJ,H,2026-12-20
15,DAL,LA,A,2026-12-20
15,LA,DAL,H,2026-12-20
15,DEN,LV,A,2026-12-20
15,LV,DEN,H,2026-12-20
15,DET,MIN,A,2026-12-20
15,MIN,DET,H,2026-12-20
15,NE,KC,A,2026-12-21
15,KC,NE,H,2026-12-21
16,HOU,PHI,A,2026-12-24
16,PHI,HOU,H,2026-12-24
16,GB,CHI,A,2026-12-25
16,CHI,GB,H,2026-12-25
16,BUF,DEN,A,2026-12-25
16,DEN,BUF,H,2026-12-25
16,LA,SEA,A,2026-12-25
16,SEA,LA,H,2026-12-25
16,TB,ATL,A,2026-12-27
16,ATL,TB,H,2026-12-27
16,CLE,BAL,A,2026-12-27
16,BAL,CLE,H,2026-12-27
16,CIN,IND,A,2026-12-27
16,IND,CIN,H,2026-12-27
16,LAC,MIA,A,2026-12-27
16,MIA,LAC,H,2026-12-27
16,WAS,MIN,A,2026-12-27
16,MIN,WAS,H,2026-12-27
16,ARI,NO,A,2026-12-27
16,NO,ARI,H,2026-12-27
16,NE,NYJ,A,2026-12-27
16,NYJ,NE,H,2026-12-27
16,CAR,PIT,A,2026-12-27
16,PIT,CAR,H,2026-12-27
16,TEN,LV,A,2026-12-27
16,LV,TEN,H,2026-12-27
16,SF,KC,A,2026-12-27
16,KC,SF,H,2026-12-27
16,JAX,DAL,A,2026-12-27
16,DAL,JAX,H,2026-12-27
16,NYG,DET,A,2026-12-28
16,DET,NYG,H,2026-12-28
17,BAL,CIN,A,2026-12-31
17,CIN,BAL,H,2026-12-31
17,NO,ATL,A,2027-01-03
17,ATL,NO,H,2027-01-03
17,SEA,CAR,A,2027-01-03
17,CAR,SEA,H,2027-01-03
17,IND,CLE,A,2027-01-03
17,CLE,IND,H,2027-01-03
17,NYG,DAL,A,2027-01-03
17,DAL,NYG,H,2027-01-03
17,WAS,JAX,A,2027-01-03
17,JAX,WAS,H,2027-01-03
17,KC,LAC,A,2027-01-03
17,LAC,KC,H,2027-01-03
17,BUF,MIA,A,2027-01-03
17,MIA,BUF,H,2027-01-03
17,DEN,NE,A,2027-01-03
17,NE,DEN,H,2027-01-03
17,MIN,NYJ,A,2027-01-03
17,NYJ,MIN,H,2027-01-03
17,LA,TB,A,2027-01-03
17,TB,LA,H,2027-01-03
17,PIT,TEN,A,2027-01-03
17,TEN,PIT,H,2027-01-03
17,LV,ARI,A,2027-01-03
17,ARI,LV,H,2027-01-03
17,DET,CHI,A,2027-01-03
17,CHI,DET,H,2027-01-03
17,PHI,SF,A,2027-01-03
17,SF,PHI,H,2027-01-03
17,HOU,GB,A,2027-01-04
17,GB,HOU,H,2027-01-04
18,SF,ARI,A,2027-01-10
18,ARI,SF,H,2027-01-10
18,PIT,BAL,A,2027-01-10
18,BAL,PIT,H,2027-01-10
18,NYJ,BUF,A,2027-01-10
18,BUF,NYJ,H,2027-01-10
18,ATL,CAR,A,2027-01-10
18,CAR,ATL,H,2027-01-10
18,CLE,CIN,A,2027-01-10
18,CIN,CLE,H,2027-01-10
18,LAC,DEN,A,2027-01-10
18,DEN,LAC,H,2027-01-10
18,DET,GB,A,2027-01-10
18,GB,DET,H,2027-01-10
18,TEN,HOU,A,2027-01-10
18,HOU,TEN,H,2027-01-10
18,JAX,IND,A,2027-01-10
18,IND,JAX,H,2027-01-10
18,LV,KC,A,2027-01-10
18,KC,LV,H,2027-01-10
18,SEA,LA,A,2027-01-10
18,LA,SEA,H,2027-01-10
18,CHI,MIN,A,2027-01-10
18,MIN,CHI,H,2027-01-10
18,MIA,NE,A,2027-01-10
18,NE,MIA,H,2027-01-10
18,TB,NO,A,2027-01-10
18,NO,TB,H,2027-01-10
18,PHI,NYG,A,2027-01-10
18,NYG,PHI,H,2027-01-10
18,DAL,WAS,A,2027-01-10
18,WAS,DAL,H,2027-01-10
