week,team,pass_pro_eff_def_opponent_rank,schedule_difficulty,source,verified_at
4,MIN,1,easiest,Sharp screenshot supplied by user,2026-10-03
4,ARI,2,easier,Sharp screenshot supplied by user,2026-10-03
4,NYG,3,easier,Sharp screenshot supplied by user,2026-10-03
4,HOU,4,easier,Sharp screenshot supplied by user,2026-10-03
4,ATL,5,easier,Sharp screenshot supplied by user,2026-10-03
4,WAS,6,easier,Sharp screenshot supplied by user,2026-10-03
4,GB,7,easier,Sharp screenshot supplied by user,2026-10-03
4,BAL,8,easier,Sharp screenshot supplied by user,2026-10-03
4,SF,9,easier,Sharp screenshot supplied by user,2026-10-03
4,SEA,10,easier,Sharp screenshot supplied by user,2026-10-03
4,DET,11,easier,Sharp screenshot supplied by user,2026-10-03
4,PHI,12,easier,Sharp screenshot supplied by user,2026-10-03
4,DEN,13,easier,Sharp screenshot supplied by user,2026-10-03
4,LV,14,easier,Sharp screenshot supplied by user,2026-10-03
4,TEN,15,easier,Sharp screenshot supplied by user,2026-10-03
4,IND,16,near_average,Sharp screenshot supplied by user,2026-10-03
4,NYJ,17,near_average,Sharp screenshot supplied by user,2026-10-03
4,CHI,18,harder,Sharp screenshot supplied by user,2026-10-03
4,PIT,19,harder,Sharp screenshot supplied by user,2026-10-03
4,NE,20,harder,Sharp screenshot supplied by user,2026-10-03
4,TB,21,harder,Sharp screenshot supplied by user,2026-10-03
4,CLE,22,harder,Sharp screenshot supplied by user,2026-10-03
4,BUF,23,harder,Sharp screenshot supplied by user,2026-10-03
4,NO,24,harder,Sharp screenshot supplied by user,2026-10-03
4,CAR,25,harder,Sharp screenshot supplied by user,2026-10-03
4,LAC,26,harder,Sharp screenshot supplied by user,2026-10-03
4,LAR,27,harder,Sharp screenshot supplied by user,2026-10-03
4,DAL,28,harder,Sharp screenshot supplied by user,2026-10-03
4,JAX,29,harder,Sharp screenshot supplied by user,2026-10-03
4,CIN,30,harder,Sharp screenshot supplied by user,2026-10-03
4,KC,31,harder,Sharp screenshot supplied by user,2026-10-03
4,MIA,32,hardest,Sharp screenshot supplied by user,2026-10-03
