week,team,pass_eff_def_opponent_rank,schedule_difficulty,source,verified_at
4,IND,1,easiest,Sharp screenshot supplied by user,2026-10-03
4,MIN,2,easier,Sharp screenshot supplied by user,2026-10-03
4,HOU,3,easier,Sharp screenshot supplied by user,2026-10-03
4,NYJ,4,easier,Sharp screenshot supplied by user,2026-10-03
4,CAR,5,easier,Sharp screenshot supplied by user,2026-10-03
4,WAS,6,easier,Sharp screenshot supplied by user,2026-10-03
4,NYG,7,easier,Sharp screenshot supplied by user,2026-10-03
4,NE,8,easier,Sharp screenshot supplied by user,2026-10-03
4,ARI,9,easier,Sharp screenshot supplied by user,2026-10-03
4,KC,10,easier,Sharp screenshot supplied by user,2026-10-03
4,ATL,11,easier,Sharp screenshot supplied by user,2026-10-03
4,SEA,12,easier,Sharp screenshot supplied by user,2026-10-03
4,CHI,13,easier,Sharp screenshot supplied by user,2026-10-03
4,CIN,14,easier,Sharp screenshot supplied by user,2026-10-03
4,BAL,15,easier,Sharp screenshot supplied by user,2026-10-03
4,PIT,16,near_average,Sharp screenshot supplied by user,2026-10-03
4,LAC,17,near_average,Sharp screenshot supplied by user,2026-10-03
4,DAL,18,harder,Sharp screenshot supplied by user,2026-10-03
4,CLE,19,harder,Sharp screenshot supplied by user,2026-10-03
4,JAX,20,harder,Sharp screenshot supplied by user,2026-10-03
4,SF,21,harder,Sharp screenshot supplied by user,2026-10-03
4,TB,22,harder,Sharp screenshot supplied by user,2026-10-03
4,DEN,23,harder,Sharp screenshot supplied by user,2026-10-03
4,TEN,24,harder,Sharp screenshot supplied by user,2026-10-03
4,GB,25,harder,Sharp screenshot supplied by user,2026-10-03
4,NO,26,harder,Sharp screenshot supplied by user,2026-10-03
4,LAR,27,harder,Sharp screenshot supplied by user,2026-10-03
4,PHI,28,harder,Sharp screenshot supplied by user,2026-10-03
4,MIA,29,harder,Sharp screenshot supplied by user,2026-10-03
4,DET,30,harder,Sharp screenshot supplied by user,2026-10-03
4,BUF,31,harder,Sharp screenshot supplied by user,2026-10-03
4,LV,32,hardest,Sharp screenshot supplied by user,2026-10-03
