team,usage_role,player,games,targets,target_share,target_share_weekly_mean,target_share_weekly_median,receptions,catch_rate,receiving_yards,yards_per_game,receiving_yards_median,receiving_yards_std,yards_rank_team,receiving_tds,games_with_td,td_game_rate,td_consistency_rank_team,offense_snaps,team_off_snaps,snap_share_mean,latest_snap_share,s2d_snap_share,snap_eligible,stat_season,data_status
SEA,WR1,Jaxon Smith-Njigba,4,42,0.3652173913043478,0.3731303418803419,0.3670940170940171,32,0.7619047619047619,481,120.25,125.0,32.8062494046485,1,6,3,0.75,1,203.0,247.0,0.8300000000000001,0.88,0.8218623481781376,True,2026,CURRENT_2026_THROUGH_WEEK_4
DAL,WR1,CeeDee Lamb,4,46,0.3194444444444444,0.31134033508377096,0.278494623655914,37,0.8043478260869565,498,124.5,132.5,62.20664487550077,1,4,3,0.75,1,216.0,265.0,0.81,0.86,0.8150943396226416,True,2026,CURRENT_2026_THROUGH_WEEK_4
ARI,WR1,Michael Wilson,4,44,0.2972972972972973,0.2924621324621325,0.3046153846153846,25,0.5681818181818182,258,64.5,72.5,35.42597916783671,1,1,1,0.25,1,254.0,278.0,0.915,0.94,0.9136690647482014,True,2026,CURRENT_2026_THROUGH_WEEK_4
TEN,WR1,Carnell Tate,4,32,0.2962962962962963,0.2985294117647059,0.27563025210084036,22,0.6875,268,67.0,48.0,53.559935275041795,1,0,0,0.0,3,191.0,227.0,0.8375,0.84,0.8414096916299559,True,2026,CURRENT_2026_THROUGH_WEEK_4
DET,WR1,Amon-Ra St. Brown,4,46,0.2893081761006289,0.29370760319277245,0.30008488964346347,31,0.6739130434782609,303,75.75,71.0,50.61867244406949,1,5,3,0.75,1,247.0,277.96153846153845,0.8875,0.96,0.8886121488861215,True,2026,CURRENT_2026_THROUGH_WEEK_4
NYJ,WR1,Garrett Wilson,4,31,0.2818181818181818,0.2816425120772947,0.2855072463768116,24,0.7741935483870968,270,67.5,68.0,33.87722932393773,1,2,2,0.5,1,209.0,239.0,0.8925,1.0,0.8744769874476988,True,2026,CURRENT_2026_THROUGH_WEEK_4
NO,WR1,Chris Olave,4,48,0.2807017543859649,0.2857047872340426,0.28390957446808507,35,0.7291666666666666,491,122.75,111.5,41.451779213925185,1,1,1,0.25,2,260.0,306.05882352941177,0.85,0.86,0.8495098981356909,True,2026,CURRENT_2026_THROUGH_WEEK_4
MIA,WR1,Malik Washington,4,28,0.27450980392156865,0.2733798833543079,0.2899159663865546,17,0.6071428571428571,219,54.75,54.5,9.878427675158298,1,0,0,0.0,1,195.0,227.0,0.86,0.87,0.8590308370044053,True,2026,CURRENT_2026_THROUGH_WEEK_4
ATL,WR1,Drake London,4,25,0.26881720430107525,0.27664981176644277,0.25526315789473686,20,0.8,370,92.5,73.5,73.18697516179591,1,0,0,0.0,2,219.0,257.13875205254516,0.855,0.89,0.851680263094877,True,2026,CURRENT_2026_THROUGH_WEEK_4
CAR,WR1,Tetairoa McMillan,4,39,0.2653061224489796,0.269274536737772,0.27389705882352944,26,0.6666666666666666,385,96.25,88.0,72.85316282312891,1,2,1,0.25,3,249.0,285.9602425876011,0.865,0.89,0.8707504153264288,True,2026,CURRENT_2026_THROUGH_WEEK_4
JAX,WR1,Parker Washington,4,26,0.26262626262626265,0.2574764205198988,0.23544973544973544,16,0.6153846153846154,228,57.0,61.5,41.416582830230375,1,2,2,0.5,1,182.0,239.0,0.7575000000000001,0.8,0.7615062761506276,True,2026,CURRENT_2026_THROUGH_WEEK_4
PHI,WR1,DeVonta Smith,3,27,0.25471698113207547,0.3250267379679144,0.32,19,0.7037037037037037,235,78.33333333333333,65.0,34.01960219246153,1,1,1,0.3333333333333333,2,169.0,180.94505494505495,0.9433333333333334,1.0,0.9339851815862991,True,2026,CURRENT_2026_THROUGH_WEEK_4
CIN,WR1,Tee Higgins,4,39,0.25161290322580643,0.24753180375965095,0.2455379908210097,25,0.6410256410256411,401,100.25,92.5,41.0477364377948,1,1,1,0.25,2,202.0,256.9746835443038,0.79,0.79,0.7860696517412936,True,2026,CURRENT_2026_THROUGH_WEEK_4
GB,WR1,Matthew Golden,4,37,0.24666666666666667,0.24388100067613253,0.23431372549019608,18,0.4864864864864865,274,68.5,76.5,36.79220932027142,2,2,2,0.5,2,214.0,253.0,0.845,0.88,0.8458498023715415,True,2026,CURRENT_2026_THROUGH_WEEK_4
LA,WR1,Davante Adams,4,38,0.24358974358974358,0.2502154195011338,0.2437641723356009,22,0.5789473684210527,390,97.5,84.5,82.60145277172793,1,2,1,0.25,1,224.0,293.0,0.7424999999999999,0.95,0.764505119453925,True,2026,CURRENT_2026_THROUGH_WEEK_4
CLE,WR1,KC Concepcion,4,28,0.24347826086956523,0.24242424242424243,0.23484848484848486,17,0.6071428571428571,144,36.0,35.5,23.280893453645632,2,0,0,0.0,2,192.0,243.0,0.7825,0.92,0.7901234567901234,True,2026,CURRENT_2026_THROUGH_WEEK_4
WAS,WR1,Stefon Diggs,4,31,0.24031007751937986,0.2425371872887086,0.24166666666666667,18,0.5806451612903226,170,42.5,41.0,10.376254944182254,1,3,2,0.5,2,163.0,274.07916872835233,0.5975,0.66,0.5947186747401221,True,2026,CURRENT_2026_THROUGH_WEEK_4
CHI,WR1,Luther Burden III,4,29,0.2396694214876033,0.23567970612562644,0.21344086021505376,19,0.6551724137931034,219,54.75,62.0,15.195942440884233,3,1,1,0.25,2,193.0,314.0,0.6174999999999999,0.56,0.6146496815286624,True,2026,CURRENT_2026_THROUGH_WEEK_4
NYG,WR1,Malik Nabers,4,26,0.23423423423423423,0.24060960591133004,0.26354679802955666,18,0.6923076923076923,208,52.0,47.5,48.873987628048795,1,1,1,0.25,1,180.0,258.0,0.7,0.76,0.6976744186046512,True,2026,CURRENT_2026_THROUGH_WEEK_4
PIT,WR1,DK Metcalf,4,33,0.22916666666666666,0.22639326671584736,0.23700623700623702,16,0.48484848484848486,213,53.25,35.5,41.52408939398913,1,1,1,0.25,2,261.0,270.8469482561464,0.9624999999999999,0.97,0.9636438648485938,True,2026,CURRENT_2026_THROUGH_WEEK_4
IND,WR1,Josh Downs,4,28,0.22764227642276422,0.22253694581280786,0.2189655172413793,17,0.6071428571428571,202,50.5,54.5,29.08034846191955,1,0,0,0.0,2,201.0,255.91989987484357,0.7925,0.77,0.7854019953051643,True,2026,CURRENT_2026_THROUGH_WEEK_4
MIN,WR1,Jordan Addison,4,22,0.22,0.2229831495735386,0.22248803827751196,11,0.5,163,40.75,36.5,39.16950344336777,2,1,1,0.25,2,233.0,254.0,0.9125,0.96,0.9173228346456693,True,2026,CURRENT_2026_THROUGH_WEEK_4
SF,WR1,Mike Evans,4,24,0.21818181818181817,0.21384269888326685,0.21832579185520362,17,0.7083333333333334,213,53.25,51.5,17.38533865071371,1,2,2,0.5,2,134.0,237.0,0.5525,0.59,0.5654008438818565,True,2026,CURRENT_2026_THROUGH_WEEK_4
BAL,WR1,Zay Flowers,3,22,0.21568627450980393,0.29827586206896556,0.3,18,0.8181818181818182,352,117.33333333333333,118.0,33.005050118630834,1,2,2,0.6666666666666666,1,88.0,196.0,0.45,0.73,0.4489795918367347,True,2026,CURRENT_2026_THROUGH_WEEK_4
GB,WR2,Christian Watson,4,32,0.21333333333333335,0.2188471940500338,0.19803921568627453,20,0.625,331,82.75,71.5,49.41238036497871,1,4,3,0.75,1,199.0,253.0,0.785,0.68,0.7865612648221344,True,2026,CURRENT_2026_THROUGH_WEEK_4
TEN,WR2,Wan'Dale Robinson,4,23,0.21296296296296297,0.19149159663865545,0.19642857142857142,16,0.6956521739130435,123,30.75,28.5,21.234798484249072,2,2,2,0.5,1,150.0,227.0,0.6625,0.67,0.6607929515418502,True,2026,CURRENT_2026_THROUGH_WEEK_4
DEN,WR1,Jaylen Waddle,4,26,0.208,0.20990997144325405,0.19185059422750422,16,0.6153846153846154,185,46.25,22.5,62.76078924509049,1,1,1,0.25,1,170.0,246.27891156462584,0.6925,0.68,0.6902742866613264,True,2026,CURRENT_2026_THROUGH_WEEK_4
BUF,WR1,Khalil Shakir,4,23,0.20535714285714285,0.20265567765567766,0.21428571428571427,15,0.6521739130434783,176,44.0,44.0,31.411250638372657,3,0,0,0.0,4,160.0,256.73385518591,0.6275,0.76,0.6232134826321928,True,2026,CURRENT_2026_THROUGH_WEEK_4
TB,WR1,Emeka Egbuka,4,24,0.19834710743801653,0.19618159618159617,0.18803418803418803,15,0.625,154,38.5,39.0,27.742866951104144,1,1,1,0.25,1,215.0,253.96680286006128,0.85,0.94,0.846567337064394,True,2026,CURRENT_2026_THROUGH_WEEK_4
DAL,WR2,George Pickens,4,28,0.19444444444444445,0.20070798949737434,0.22903225806451613,18,0.6428571428571429,225,56.25,57.5,26.31064423384574,2,0,0,0.0,2,221.0,265.0,0.8275,0.86,0.8339622641509434,True,2026,CURRENT_2026_THROUGH_WEEK_4
CLE,WR2,Denzel Boston,4,22,0.19130434782608696,0.19015151515151515,0.19696969696969696,13,0.5909090909090909,284,71.0,74.0,25.45584412271571,1,2,2,0.5,1,224.0,243.0,0.9225,0.95,0.9218106995884774,True,2026,CURRENT_2026_THROUGH_WEEK_4
CHI,WR2,Kalif Raymond,4,23,0.19008264462809918,0.19580474869848682,0.18627450980392157,21,0.9130434782608695,220,55.0,62.0,39.54743986657038,2,1,1,0.25,3,192.0,314.0,0.62,0.51,0.6114649681528662,True,2026,CURRENT_2026_THROUGH_WEEK_4
PHI,WR2,Dontayvion Wicks,4,20,0.18867924528301888,0.189572192513369,0.19090909090909092,12,0.6,197,49.25,52.5,28.58175408659634,2,1,1,0.25,3,197.0,241.94505494505495,0.8325,0.92,0.814234455193714,True,2026,CURRENT_2026_THROUGH_WEEK_4
HOU,WR1,Xavier Hutchinson,4,26,0.18840579710144928,0.19361746361746363,0.18615384615384617,12,0.46153846153846156,166,41.5,41.5,8.582928793055823,3,0,0,0.0,2,155.0,268.0,0.555,0.31,0.5783582089552238,True,2026,CURRENT_2026_THROUGH_WEEK_4
KC,WR1,Xavier Worthy,4,22,0.1864406779661017,0.18725161966820209,0.2013953488372093,14,0.6363636363636364,133,33.25,22.5,24.67623688220444,3,1,1,0.25,3,210.0,260.97402597402595,0.8025,0.75,0.8046777805424236,True,2026,CURRENT_2026_THROUGH_WEEK_4
NO,WR2,Devaughn Vele,4,31,0.18128654970760233,0.1833290711947627,0.18228314238952537,21,0.6774193548387096,226,56.5,59.0,13.228756555322954,2,2,2,0.5,1,278.0,306.05882352941177,0.91,0.89,0.9083221218527773,True,2026,CURRENT_2026_THROUGH_WEEK_4
CIN,WR2,Ja'Marr Chase,4,28,0.18064516129032257,0.1972244343444802,0.20398481973434535,21,0.75,212,53.0,51.0,40.27406113120453,2,3,2,0.5,1,185.0,256.9746835443038,0.755,0.2,0.7199152751096005,True,2026,CURRENT_2026_THROUGH_WEEK_4
LAC,WR1,Tre Harris,4,21,0.1794871794871795,0.17775459307717373,0.18670576735092864,13,0.6190476190476191,209,52.25,56.5,23.556669260883776,1,0,0,0.0,2,203.0,263.0,0.77,0.93,0.7718631178707225,True,2026,CURRENT_2026_THROUGH_WEEK_4
BUF,WR2,DJ Moore,4,20,0.17857142857142858,0.18424908424908426,0.17619047619047618,12,0.6,178,44.5,39.0,47.219346317655294,2,1,1,0.25,2,132.0,256.73385518591,0.525,0.39,0.514151123171559,True,2026,CURRENT_2026_THROUGH_WEEK_4
DEN,WR2,Courtland Sutton,4,22,0.176,0.17670435203073806,0.17153996101364521,9,0.4090909090909091,86,21.5,18.0,18.520259177452136,3,0,0,0.0,3,190.0,246.27891156462584,0.7725,0.73,0.7714830262685413,True,2026,CURRENT_2026_THROUGH_WEEK_4
WAS,WR2,Terry McLaurin,3,22,0.17054263565891473,0.23421230561189996,0.2647058823529412,10,0.45454545454545453,141,47.0,50.0,31.606961258558215,2,1,1,0.3333333333333333,3,163.0,210.0791687283523,0.7733333333333333,0.75,0.7758979673552064,True,2026,CURRENT_2026_THROUGH_WEEK_4
MIN,WR2,Justin Jefferson,3,17,0.17,0.2623646071700992,0.3157894736842105,13,0.7647058823529411,179,59.666666666666664,55.0,30.2709982216202,1,2,1,0.3333333333333333,1,119.0,176.0,0.68,0.12,0.6761363636363636,True,2026,CURRENT_2026_THROUGH_WEEK_4
NE,WR1,Mack Hollins,4,20,0.1694915254237288,0.1669098822324629,0.13620071684587814,15,0.75,209,52.25,52.0,28.182441342083905,1,0,0,0.0,3,168.0,265.0,0.645,0.41,0.6339622641509434,True,2026,CURRENT_2026_THROUGH_WEEK_4
NE,WR2,Romeo Doubs,4,20,0.1694915254237288,0.16764592933947772,0.16190476190476188,12,0.6,203,50.75,53.5,39.491560279803245,2,2,1,0.25,2,172.0,265.0,0.65,0.64,0.6490566037735849,True,2026,CURRENT_2026_THROUGH_WEEK_4
LV,WR1,Tre Tucker,4,23,0.16911764705882354,0.16982758620689656,0.15229885057471265,15,0.6521739130434783,233,58.25,43.5,41.242170974218446,1,1,1,0.25,3,181.0,285.0,0.635,0.67,0.6350877192982456,True,2026,CURRENT_2026_THROUGH_WEEK_4
PIT,WR2,Roman Wilson,4,24,0.16666666666666666,0.16792971631681308,0.16216216216216217,14,0.5833333333333334,188,47.0,44.0,23.804761428476166,2,2,2,0.5,1,138.0,270.8469482561464,0.51,0.31,0.5095128480808657,True,2026,CURRENT_2026_THROUGH_WEEK_4
CHI,WR3,Rome Odunze,4,20,0.1652892561983471,0.16274874714153653,0.15490196078431373,14,0.7,233,58.25,48.0,24.171263930543642,1,0,0,0.0,4,242.0,314.0,0.765,0.89,0.7707006369426752,True,2026,CURRENT_2026_THROUGH_WEEK_4
IND,WR2,Keenan Allen,3,20,0.16260162601626016,0.21023535851122058,0.20689655172413793,13,0.65,100,33.333333333333336,32.0,29.022979401386987,3,1,1,0.3333333333333333,1,121.0,190.0,0.6366666666666667,0.73,0.6368421052631579,True,2026,CURRENT_2026_THROUGH_WEEK_4
LAC,WR2,Quentin Johnston,4,19,0.1623931623931624,0.1652160563450886,0.18706293706293708,7,0.3684210526315789,108,27.0,28.5,17.869900204906948,3,0,0,0.0,3,211.0,263.0,0.8025,0.75,0.8022813688212928,True,2026,CURRENT_2026_THROUGH_WEEK_4
DAL,WR3,Ryan Flournoy,4,23,0.1597222222222222,0.16079019754938734,0.16344086021505377,13,0.5652173913043478,104,26.0,22.5,7.3484692283495345,3,0,0,0.0,3,190.0,265.0,0.7175,0.74,0.7169811320754716,True,2026,CURRENT_2026_THROUGH_WEEK_4
DET,WR2,Jameson Williams,4,25,0.15723270440251572,0.15548184795663073,0.14294750158127767,16,0.64,229,57.25,47.0,30.59820256158848,2,0,0,0.0,2,251.0,277.96153846153845,0.905,0.99,0.9030026290300264,True,2026,CURRENT_2026_THROUGH_WEEK_4
SF,WR2,Deebo Samuel Sr.,4,17,0.15454545454545454,0.15081377378537622,0.19817927170868346,14,0.8235294117647058,185,46.25,39.5,24.390913608691797,2,3,3,0.75,1,143.0,237.0,0.6125,0.67,0.6033755274261603,True,2026,CURRENT_2026_THROUGH_WEEK_4
JAX,WR2,Jakobi Meyers,4,15,0.15151515151515152,0.15029043018173452,0.13457556935817805,13,0.8666666666666667,165,41.25,36.5,15.945218719101975,2,2,2,0.5,2,190.0,239.0,0.795,0.82,0.7949790794979079,True,2026,CURRENT_2026_THROUGH_WEEK_4
CAR,WR2,Jalen Coker,3,22,0.14965986394557823,0.21373132586367882,0.2647058823529412,18,0.8181818181818182,222,74.0,66.0,60.398675482166,2,2,1,0.3333333333333333,1,135.0,210.96024258760107,0.6533333333333333,0.36,0.6399310047434239,True,2026,CURRENT_2026_THROUGH_WEEK_4
TB,WR2,Chris Godwin Jr.,4,18,0.1487603305785124,0.15564343064343064,0.1312169312169312,16,0.8888888888888888,142,35.5,35.5,9.327379053088816,2,0,0,0.0,3,204.0,253.96680286006128,0.8075,0.89,0.8032545895866808,True,2026,CURRENT_2026_THROUGH_WEEK_4
WAS,WR3,Antonio Williams,4,19,0.14728682170542637,0.14543047103899032,0.135632183908046,12,0.631578947368421,124,31.0,22.5,22.315913604421397,3,1,1,0.25,4,133.0,274.07916872835233,0.49,0.69,0.4852612499413266,True,2026,CURRENT_2026_THROUGH_WEEK_4
BAL,WR2,Rashod Bateman,4,15,0.14705882352941177,0.14274425287356324,0.10948275862068965,11,0.7333333333333333,171,42.75,41.5,36.1420807370024,2,1,1,0.25,3,193.0,254.0,0.765,0.47,0.7598425196850394,True,2026,CURRENT_2026_THROUGH_WEEK_4
LAC,WR3,Ladd McConkey,4,17,0.1452991452991453,0.14766878879782105,0.13344988344988346,12,0.7058823529411765,183,45.75,50.5,36.206583195141,2,1,1,0.25,1,143.0,263.0,0.5425,0.34,0.5437262357414449,True,2026,CURRENT_2026_THROUGH_WEEK_4
KC,WR2,Rashee Rice,3,17,0.1440677966101695,0.2036130771823391,0.13953488372093023,13,0.7647058823529411,190,63.333333333333336,83.0,38.47510017314228,2,1,1,0.3333333333333333,1,160.0,200.97402597402598,0.7966666666666667,0.77,0.7961227786752827,True,2026,CURRENT_2026_THROUGH_WEEK_4
NE,WR3,DeMario Douglas,4,17,0.1440677966101695,0.14276113671274962,0.13095238095238093,9,0.5294117647058824,82,20.5,17.5,12.503332889007368,3,0,0,0.0,4,142.0,265.0,0.535,0.46,0.5358490566037736,True,2026,CURRENT_2026_THROUGH_WEEK_4
BUF,WR3,Keon Coleman,4,16,0.14285714285714285,0.14006410256410257,0.1456043956043956,14,0.875,217,54.25,50.0,48.38302043761496,1,1,1,0.25,3,162.0,256.73385518591,0.625,0.78,0.6310036511650952,True,2026,CURRENT_2026_THROUGH_WEEK_4
PHI,WR3,Makai Lemon,4,15,0.14150943396226415,0.15280748663101604,0.1709090909090909,10,0.6666666666666666,65,16.25,20.5,15.649813630413197,3,0,0,0.0,4,163.0,241.94505494505495,0.6775,0.74,0.6737066812008902,True,2026,CURRENT_2026_THROUGH_WEEK_4
JAX,WR3,Brian Thomas Jr.,4,14,0.1414141414141414,0.138141246836899,0.11490683229813664,9,0.6428571428571429,105,26.25,28.5,16.296727687892847,3,1,1,0.25,4,113.0,239.0,0.47,0.62,0.47280334728033474,True,2026,CURRENT_2026_THROUGH_WEEK_4
ATL,WR2,Jahan Dotson,4,13,0.13978494623655913,0.14184044437882926,0.14021739130434782,6,0.46153846153846156,95,23.75,15.0,20.51625371910444,2,1,1,0.25,1,173.0,257.13875205254516,0.6675,0.63,0.6727885183352225,True,2026,CURRENT_2026_THROUGH_WEEK_4
NYJ,WR2,Adonai Mitchell,2,15,0.13636363636363635,0.23188405797101447,0.23188405797101447,9,0.6,123,61.5,61.5,2.1213203435596424,3,0,0,0.0,3,107.0,141.0,0.7549999999999999,0.82,0.7588652482269503,True,2026,CURRENT_2026_THROUGH_WEEK_4
NYG,WR2,Malachi Fields,4,15,0.13513513513513514,0.13102935139573071,0.12068965517241378,8,0.5333333333333333,126,31.5,27.5,14.387494569938157,2,1,1,0.25,2,185.0,258.0,0.72,0.66,0.7170542635658915,True,2026,CURRENT_2026_THROUGH_WEEK_4
LA,WR2,Puka Nacua,2,21,0.1346153846153846,0.2866666666666666,0.2866666666666666,14,0.6666666666666666,199,99.5,99.5,36.062445840513924,2,0,0,0.0,3,119.0,145.0,0.8,0.9,0.8206896551724138,True,2026,CURRENT_2026_THROUGH_WEEK_4
TB,WR3,Ted Hurst III,4,16,0.1322314049586777,0.1310828060828061,0.11324786324786325,8,0.5,128,32.0,31.5,7.164728420068226,3,1,1,0.25,2,168.0,253.96680286006128,0.66,0.4,0.6615037796596195,True,2026,CURRENT_2026_THROUGH_WEEK_4
HOU,WR2,Nico Collins,2,18,0.13043478260869565,0.288981288981289,0.288981288981289,14,0.7777777777777778,193,96.5,96.5,30.405591591021544,1,3,2,1.0,1,95.0,134.0,0.705,0.69,0.7089552238805971,True,2026,CURRENT_2026_THROUGH_WEEK_4
SEA,WR2,Rashid Shaheed,4,15,0.13043478260869565,0.14310897435897435,0.1375,7,0.4666666666666667,73,18.25,17.0,12.971121771072847,3,0,0,0.0,3,139.0,247.0,0.5700000000000001,0.6,0.562753036437247,True,2026,CURRENT_2026_THROUGH_WEEK_4
MIA,WR2,Chris Bell,4,13,0.12745098039215685,0.12350573079473336,0.1252723311546841,5,0.38461538461538464,92,23.0,12.5,31.612233918743126,3,0,0,0.0,2,137.0,227.0,0.615,0.82,0.6035242290748899,True,2026,CURRENT_2026_THROUGH_WEEK_4
KC,WR3,Tyquan Thornton,4,15,0.1271186440677966,0.12906901846234506,0.08998988877654196,11,0.7333333333333333,219,54.75,54.0,52.31554899517606,1,2,1,0.25,2,156.0,260.97402597402595,0.5900000000000001,0.63,0.5977606369743718,True,2026,CURRENT_2026_THROUGH_WEEK_4
NYJ,WR3,Isaiah Williams,4,12,0.10909090909090909,0.11642512077294687,0.1111111111111111,10,0.8333333333333334,135,33.75,27.5,28.394541729001364,2,1,1,0.25,2,190.0,239.0,0.8125,0.94,0.7949790794979079,True,2026,CURRENT_2026_THROUGH_WEEK_4
DET,WR3,Isaac TeSlaa,4,17,0.1069182389937107,0.10271422791396825,0.11417657045840407,9,0.5294117647058824,187,46.75,46.0,42.09018096104284,3,0,0,0.0,3,190.0,277.96153846153845,0.6825,0.82,0.6835478068354781,True,2026,CURRENT_2026_THROUGH_WEEK_4
SEA,WR3,Cooper Kupp,4,12,0.10434782608695652,0.103258547008547,0.10555555555555556,9,0.75,114,28.5,27.5,14.843629385474879,2,1,1,0.25,2,148.0,247.0,0.6125,0.57,0.5991902834008097,True,2026,CURRENT_2026_THROUGH_WEEK_4
CIN,WR3,Dohnte Meyers,4,16,0.1032258064516129,0.09165407127796588,0.08369659982563209,11,0.6875,129,32.25,23.5,35.2550232827418,3,0,0,0.0,3,121.0,256.9746835443038,0.4475,0.89,0.47086350426087387,True,2026,CURRENT_2026_THROUGH_WEEK_4
MIA,WR3,Caleb Douglas,2,10,0.09803921568627451,0.19484702093397743,0.19484702093397743,7,0.7,113,56.5,56.5,53.033008588991066,2,0,0,0.0,3,102.0,115.0,0.885,0.86,0.8869565217391304,True,2026,CURRENT_2026_THROUGH_WEEK_4
DEN,WR3,Pat Bryant,4,12,0.096,0.10004211957405564,0.07173174872665534,9,0.75,133,33.25,43.0,22.261701043121867,2,1,1,0.25,2,142.0,246.27891156462584,0.5775,0.36,0.5765820512112256,True,2026,CURRENT_2026_THROUGH_WEEK_4
ARI,WR2,Kendrick Bourne,3,14,0.0945945945945946,0.13053361053361054,0.11538461538461539,12,0.8571428571428571,108,36.0,22.0,34.219877264537345,2,0,0,0.0,3,128.0,212.0,0.6066666666666667,0.55,0.6037735849056604,True,2026,CURRENT_2026_THROUGH_WEEK_4
HOU,WR3,Kayshon Boutte,4,13,0.09420289855072464,0.09697505197505198,0.09,9,0.6923076923076923,115,28.75,28.5,8.958236433584458,4,0,0,0.0,3,165.0,268.0,0.6224999999999999,0.62,0.6156716417910447,True,2026,CURRENT_2026_THROUGH_WEEK_4
TEN,WR3,Elic Ayomanor,4,10,0.09259259259259259,0.10126050420168067,0.09642857142857142,5,0.5,113,28.25,16.5,27.65712686933816,3,1,1,0.25,2,142.0,227.0,0.6175,0.62,0.6255506607929515,True,2026,CURRENT_2026_THROUGH_WEEK_4
NYG,WR3,Darnell Mooney,4,10,0.09009009009009009,0.09363454433497537,0.08135775862068965,6,0.6,95,23.75,23.5,19.80530232033836,3,0,0,0.0,3,146.0,258.0,0.5700000000000001,0.55,0.5658914728682171,True,2026,CURRENT_2026_THROUGH_WEEK_4
LA,WR3,Konata Mumpfield,4,14,0.08974358974358974,0.08174225245653816,0.06333333333333332,6,0.42857142857142855,112,28.0,9.5,43.61192497471305,3,1,1,0.25,2,145.0,293.0,0.4875,0.27,0.4948805460750853,True,2026,CURRENT_2026_THROUGH_WEEK_4
IND,WR3,Laquon Treadwell,4,11,0.08943089430894309,0.09248768472906405,0.06724137931034482,9,0.8181818181818182,123,30.75,31.0,26.474830814693917,2,0,0,0.0,3,179.0,255.91989987484357,0.6825,0.85,0.6994375978090767,True,2026,CURRENT_2026_THROUGH_WEEK_4
ARI,WR3,Marvin Harrison Jr.,4,13,0.08783783783783784,0.08345708345708346,0.09054054054054055,5,0.38461538461538464,85,21.25,22.5,18.5,3,1,1,0.25,2,206.0,278.0,0.7375,0.65,0.7410071942446043,True,2026,CURRENT_2026_THROUGH_WEEK_4
GB,WR3,Skyy Moore,4,13,0.08666666666666667,0.08309246112237999,0.08505747126436781,6,0.46153846153846156,35,8.75,3.0,15.217862311551295,3,0,0,0.0,3,82.0,253.0,0.32999999999999996,0.38,0.3241106719367589,True,2026,CURRENT_2026_THROUGH_WEEK_4
PIT,WR3,Michael Pittman,3,12,0.08333333333333333,0.11497850207527627,0.10256410256410256,7,0.5833333333333334,89,29.666666666666668,16.0,24.54248017893329,3,0,0,0.0,3,156.0,201.04545454545456,0.7766666666666667,0.72,0.7759439294596427,True,2026,CURRENT_2026_THROUGH_WEEK_4
LV,WR2,Jalen Nailor,3,11,0.08088235294117647,0.1252873563218391,0.10344827586206896,5,0.45454545454545453,52,17.333333333333332,16.0,9.073771725877465,3,0,0,0.0,4,119.0,201.0,0.59,0.57,0.5920398009950248,True,2026,CURRENT_2026_THROUGH_WEEK_4
NO,WR3,Bryce Lance,4,13,0.07602339181286549,0.0723890139116203,0.07596153846153847,5,0.38461538461538464,57,14.25,7.5,18.83923211457056,3,0,0,0.0,3,232.0,306.05882352941177,0.7625,0.85,0.7580242167980011,True,2026,CURRENT_2026_THROUGH_WEEK_4
ATL,WR3,Olamide Zaccheaus,4,7,0.07526881720430108,0.07159057355872149,0.06979405034324943,4,0.5714285714285714,17,4.25,4.0,3.774917217635375,4,0,0,0.0,3,93.0,257.13875205254516,0.36,0.37,0.36167244049234504,True,2026,CURRENT_2026_THROUGH_WEEK_4
LV,WR3,Cody White,4,10,0.07352941176470588,0.07169540229885057,0.07614942528735633,5,0.5,64,16.0,14.0,16.97056274847714,2,3,2,0.5,1,85.0,285.0,0.275,0.62,0.2982456140350877,True,2026,CURRENT_2026_THROUGH_WEEK_4
CLE,WR3,Jerry Jeudy,3,8,0.06956521739130435,0.10202020202020201,0.09090909090909091,5,0.625,62,20.666666666666668,26.0,18.583146486355137,3,0,0,0.0,3,90.0,173.0,0.5333333333333333,0.38,0.5202312138728323,True,2026,CURRENT_2026_THROUGH_WEEK_4
CAR,WR3,John Metchie III,3,10,0.06802721088435375,0.08241758241758242,0.11904761904761904,5,0.5,56,18.666666666666668,19.0,18.502252115170556,5,1,1,0.3333333333333333,2,78.0,218.03571428571428,0.3466666666666667,0.37,0.35773955773955773,True,2026,CURRENT_2026_THROUGH_WEEK_4
BAL,WR3,Chris Moore,3,6,0.058823529411764705,0.07892720306513411,0.08333333333333333,3,0.5,63,21.0,6.0,27.730849247724095,4,1,1,0.3333333333333333,2,90.0,190.0,0.48,0.52,0.47368421052631576,True,2026,CURRENT_2026_THROUGH_WEEK_4
SF,WR3,Demarcus Robinson,2,6,0.05454545454545454,0.11554621848739496,0.11554621848739496,5,0.8333333333333334,84,42.0,42.0,11.313708498984761,3,1,1,0.5,3,57.0,117.0,0.47,0.31,0.48717948717948717,True,2026,CURRENT_2026_THROUGH_WEEK_4
MIN,WR3,Jauan Jennings,3,4,0.04,0.051260430390865176,0.043478260869565216,2,0.5,9,3.0,1.0,4.358898943540674,4,0,0,0.0,3,152.0,202.0,0.7433333333333333,0.95,0.7524752475247525,True,2026,CURRENT_2026_THROUGH_WEEK_4
