team,usage_role,player,games,targets,target_share,target_share_weekly_mean,target_share_weekly_median,receptions,catch_rate,receiving_yards,yards_per_game,receiving_yards_median,receiving_yards_std,yards_rank_team,receiving_tds,games_with_td,td_game_rate,td_consistency_rank_team,stat_season,data_status
DET,WR1,Amon-Ra St. Brown,2,27,0.35064935064935066,0.35053981106612686,0.35053981106612686,19,0.7037037037037037,209,104.5,104.5,53.033008588991066,1,4,2,1.0,1,2026,CURRENT_2026
SEA,WR1,Jaxon Smith-Njigba,2,22,0.44,0.4407051282051282,0.4407051282051282,17,0.7727272727272727,277,138.5,138.5,23.33452377915607,1,4,2,1.0,1,2026,CURRENT_2026
GB,WR1,Christian Watson,2,19,0.2753623188405797,0.2896551724137931,0.2896551724137931,10,0.5263157894736842,188,94.0,94.0,74.95331880577403,1,3,2,1.0,1,2026,CURRENT_2026
DAL,WR1,CeeDee Lamb,2,17,0.2786885245901639,0.278494623655914,0.278494623655914,13,0.7647058823529411,197,98.5,98.5,77.07463914933368,1,3,2,1.0,1,2026,CURRENT_2026
WAS,WR1,Stefon Diggs,2,15,0.23809523809523808,0.2434077079107505,0.2434077079107505,9,0.6,102,51.0,51.0,5.656854249492381,1,3,2,1.0,1,2026,CURRENT_2026
CLE,WR1,Denzel Boston,2,11,0.21153846153846154,0.20757575757575758,0.20757575757575758,7,0.6363636363636364,154,77.0,77.0,25.45584412271571,1,2,2,1.0,1,2026,CURRENT_2026
HOU,WR2,Nico Collins,1,10,0.11494252873563218,0.2702702702702703,0.2702702702702703,7,0.7,75,75.0,75.0,0.0,2,1,1,1.0,1,2026,CURRENT_2026
BAL,WR2,Zay Flowers,1,6,0.11320754716981132,0.25,0.25,5,0.8333333333333334,150,150.0,150.0,0.0,1,1,1,1.0,1,2026,CURRENT_2026
CAR,WR1,Jalen Coker,2,18,0.2727272727272727,0.27297794117647056,0.27297794117647056,16,0.8888888888888888,204,102.0,102.0,50.91168824543142,1,2,1,0.5,1,2026,CURRENT_2026
LA,WR1,Davante Adams,2,16,0.2807017543859649,0.2777777777777778,0.2777777777777778,11,0.6875,221,110.5,110.5,119.50104602052653,1,2,1,0.5,1,2026,CURRENT_2026
MIN,WR1,Justin Jefferson,2,15,0.35714285714285715,0.35354691075514877,0.35354691075514877,11,0.7333333333333333,147,73.5,73.5,26.16295090390226,1,2,1,0.5,1,2026,CURRENT_2026
CIN,WR2,Ja'Marr Chase,2,13,0.2,0.20398481973434535,0.20398481973434535,9,0.6923076923076923,87,43.5,43.5,44.54772721475249,2,2,1,0.5,1,2026,CURRENT_2026
NO,WR1,Chris Olave,2,23,0.27380952380952384,0.28125,0.28125,18,0.782608695652174,268,134.0,134.0,67.88225099390856,1,1,1,0.5,1,2026,CURRENT_2026
PHI,WR1,DeVonta Smith,2,19,0.3392857142857143,0.32754010695187163,0.32754010695187163,13,0.6842105263157895,170,85.0,85.0,45.254833995939045,1,1,1,0.5,1,2026,CURRENT_2026
JAX,WR1,Parker Washington,2,18,0.3673469387755102,0.3571428571428571,0.3571428571428571,12,0.6666666666666666,181,90.5,90.5,10.606601717798213,1,1,1,0.5,1,2026,CURRENT_2026
NO,WR2,Devaughn Vele,2,16,0.19047619047619047,0.19591346153846154,0.19591346153846154,12,0.75,133,66.5,66.5,3.5355339059327378,2,1,1,0.5,2,2026,CURRENT_2026
NYJ,WR2,Garrett Wilson,2,14,0.23728813559322035,0.24939613526570048,0.24939613526570048,11,0.7857142857142857,136,68.0,68.0,15.556349186104045,1,1,1,0.5,1,2026,CURRENT_2026
KC,WR1,Xavier Worthy,2,13,0.19117647058823528,0.2013953488372093,0.2013953488372093,8,0.6153846153846154,43,21.5,21.5,4.949747468305833,3,1,1,0.5,1,2026,CURRENT_2026
LV,WR1,Tre Tucker,2,11,0.1896551724137931,0.1896551724137931,0.1896551724137931,7,0.6363636363636364,146,73.0,73.0,65.05382386916237,1,1,1,0.5,2,2026,CURRENT_2026
SF,WR1,Deebo Samuel Sr.,2,11,0.2,0.19817927170868346,0.19817927170868346,9,0.8181818181818182,79,39.5,39.5,12.020815280171307,3,1,1,0.5,1,2026,CURRENT_2026
TB,WR1,Emeka Egbuka,2,11,0.18333333333333332,0.18686868686868685,0.18686868686868685,8,0.7272727272727273,79,39.5,39.5,33.23401871576773,2,1,1,0.5,1,2026,CURRENT_2026
BAL,WR1,Rashod Bateman,2,10,0.18867924528301888,0.1760057471264368,0.1760057471264368,7,0.7,88,44.0,44.0,62.22539674441618,2,1,1,0.5,2,2026,CURRENT_2026
LAC,WR2,Ladd McConkey,2,10,0.18867924528301888,0.1873219373219373,0.1873219373219373,8,0.8,117,58.5,58.5,33.23401871576773,1,1,1,0.5,1,2026,CURRENT_2026
PHI,WR2,Dontayvion Wicks,2,10,0.17857142857142858,0.17914438502673796,0.17914438502673796,7,0.7,147,73.5,73.5,0.7071067811865476,2,1,1,0.5,2,2026,CURRENT_2026
SF,WR2,Mike Evans,2,10,0.18181818181818182,0.17436974789915966,0.17436974789915966,9,0.9,103,51.5,51.5,3.5355339059327378,1,1,1,0.5,2,2026,CURRENT_2026
BUF,WR2,DJ Moore,2,8,0.14285714285714285,0.14285714285714285,0.14285714285714285,5,0.625,100,50.0,50.0,70.71067811865476,1,1,1,0.5,2,2026,CURRENT_2026
KC,WR2,Rashee Rice,2,8,0.11764705882352941,0.10976744186046511,0.10976744186046511,6,0.75,102,51.0,51.0,45.254833995939045,1,1,1,0.5,2,2026,CURRENT_2026
LV,WR3,Jack Bech,2,6,0.10344827586206896,0.10344827586206896,0.10344827586206896,5,0.8333333333333334,48,24.0,24.0,1.4142135623730951,2,1,1,0.5,3,2026,CURRENT_2026
SF,WR3,Demarcus Robinson,2,6,0.10909090909090909,0.11554621848739496,0.11554621848739496,5,0.8333333333333334,84,42.0,42.0,11.313708498984761,2,1,1,0.5,3,2026,CURRENT_2026
TEN,WR3,Elic Ayomanor,2,6,0.13333333333333333,0.14180672268907563,0.14180672268907563,3,0.5,80,40.0,40.0,41.012193308819754,1,1,1,0.5,1,2026,CURRENT_2026
JAX,WR3,Jakobi Meyers,2,3,0.061224489795918366,0.06547619047619047,0.06547619047619047,3,1.0,68,34.0,34.0,8.48528137423857,3,1,1,0.5,2,2026,CURRENT_2026
PIT,WR1,DK Metcalf,2,19,0.25675675675675674,0.2567567567567568,0.2567567567567568,8,0.42105263157894735,67,33.5,33.5,9.192388155425117,1,0,0,0.0,1,2026,CURRENT_2026
CAR,WR2,Tetairoa McMillan,2,18,0.2727272727272727,0.27389705882352944,0.27389705882352944,10,0.5555555555555556,176,88.0,88.0,18.384776310850235,2,0,0,0.0,2,2026,CURRENT_2026
GB,WR2,Matthew Golden,2,18,0.2608695652173913,0.253448275862069,0.253448275862069,10,0.5555555555555556,153,76.5,76.5,26.16295090390226,2,0,0,0.0,2,2026,CURRENT_2026
CIN,WR1,Tee Higgins,2,16,0.24615384615384617,0.2495256166982922,0.2495256166982922,8,0.5,154,77.0,77.0,25.45584412271571,1,0,0,0.0,2,2026,CURRENT_2026
HOU,WR1,Xavier Hutchinson,2,15,0.1724137931034483,0.17108108108108108,0.17108108108108108,6,0.4,69,34.5,34.5,3.5355339059327378,3,0,0,0.0,2,2026,CURRENT_2026
NYJ,WR1,Adonai Mitchell,2,15,0.2542372881355932,0.23188405797101447,0.23188405797101447,9,0.6,123,61.5,61.5,2.1213203435596424,2,0,0,0.0,2,2026,CURRENT_2026
ARI,WR1,Michael Wilson,2,14,0.2222222222222222,0.2292099792099792,0.2292099792099792,7,0.5,74,37.0,37.0,26.870057685088806,2,0,0,0.0,1,2026,CURRENT_2026
CHI,WR1,Kalif Raymond,2,14,0.25,0.2564102564102564,0.2564102564102564,13,0.9285714285714286,124,62.0,62.0,31.11269837220809,1,0,0,0.0,2,2026,CURRENT_2026
DAL,WR2,George Pickens,2,14,0.22950819672131148,0.22903225806451613,0.22903225806451613,9,0.6428571428571429,68,34.0,34.0,8.48528137423857,2,0,0,0.0,2,2026,CURRENT_2026
DEN,WR1,Jaylen Waddle,2,13,0.23214285714285715,0.22796934865900384,0.22796934865900384,9,0.6923076923076923,140,70.0,70.0,96.16652224137046,1,0,0,0.0,1,2026,CURRENT_2026
DET,WR2,Jameson Williams,2,13,0.16883116883116883,0.1680161943319838,0.1680161943319838,6,0.46153846153846156,78,39.0,39.0,8.48528137423857,2,0,0,0.0,2,2026,CURRENT_2026
IND,WR1,Josh Downs,2,13,0.22033898305084745,0.2189655172413793,0.2189655172413793,9,0.6923076923076923,109,54.5,54.5,24.748737341529164,1,0,0,0.0,1,2026,CURRENT_2026
MIA,WR1,Malik Washington,2,13,0.26,0.25684380032206117,0.25684380032206117,7,0.5384615384615384,96,48.0,48.0,7.0710678118654755,2,0,0,0.0,2,2026,CURRENT_2026
NYG,WR1,Malik Nabers,2,13,0.21311475409836064,0.21767241379310345,0.21767241379310345,7,0.5384615384615384,70,35.0,35.0,48.08326112068523,2,0,0,0.0,1,2026,CURRENT_2026
WAS,WR2,Terry McLaurin,2,13,0.20634920634920634,0.2013184584178499,0.2013184584178499,4,0.3076923076923077,64,32.0,32.0,25.45584412271571,3,0,0,0.0,3,2026,CURRENT_2026
BUF,WR1,Khalil Shakir,2,12,0.21428571428571427,0.21428571428571427,0.21428571428571427,7,0.5833333333333334,88,44.0,44.0,8.48528137423857,2,0,0,0.0,3,2026,CURRENT_2026
CHI,WR2,Luther Burden III,2,12,0.21428571428571427,0.21282051282051284,0.21282051282051284,8,0.6666666666666666,95,47.5,47.5,21.920310216782973,2,0,0,0.0,3,2026,CURRENT_2026
PIT,WR2,Roman Wilson,2,12,0.16216216216216217,0.16216216216216217,0.16216216216216217,8,0.6666666666666666,54,27.0,27.0,1.4142135623730951,3,0,0,0.0,2,2026,CURRENT_2026
ARI,WR2,Kendrick Bourne,2,11,0.1746031746031746,0.16580041580041582,0.16580041580041582,10,0.9090909090909091,86,43.0,43.0,45.254833995939045,1,0,0,0.0,2,2026,CURRENT_2026
CLE,WR2,KC Concepcion,2,11,0.21153846153846154,0.21363636363636362,0.21363636363636362,10,0.9090909090909091,71,35.5,35.5,10.606601717798213,2,0,0,0.0,2,2026,CURRENT_2026
IND,WR2,Keenan Allen,2,11,0.1864406779661017,0.1867816091954023,0.1867816091954023,7,0.6363636363636364,37,18.5,18.5,19.091883092036785,4,0,0,0.0,2,2026,CURRENT_2026
JAX,WR2,Brian Thomas Jr.,2,11,0.22448979591836735,0.21428571428571427,0.21428571428571427,6,0.5454545454545454,80,40.0,40.0,0.0,2,0,0,0.0,4,2026,CURRENT_2026
LAC,WR1,Quentin Johnston,2,11,0.20754716981132076,0.20726495726495725,0.20726495726495725,3,0.2727272727272727,24,12.0,12.0,7.0710678118654755,3,0,0,0.0,2,2026,CURRENT_2026
TEN,WR1,Carnell Tate,2,11,0.24444444444444444,0.2542016806722689,0.2542016806722689,7,0.6363636363636364,65,32.5,32.5,7.7781745930520225,2,0,0,0.0,2,2026,CURRENT_2026
DAL,WR3,Ryan Flournoy,2,10,0.16393442622950818,0.16344086021505377,0.16344086021505377,7,0.7,45,22.5,22.5,0.7071067811865476,3,0,0,0.0,3,2026,CURRENT_2026
MIA,WR2,Caleb Douglas,2,10,0.2,0.19484702093397743,0.19484702093397743,7,0.7,113,56.5,56.5,53.033008588991066,1,0,0,0.0,3,2026,CURRENT_2026
NYG,WR2,Malachi Fields,2,10,0.16393442622950818,0.1627155172413793,0.1627155172413793,4,0.4,55,27.5,27.5,3.5355339059327378,3,0,0,0.0,2,2026,CURRENT_2026
TB,WR2,Ted Hurst III,2,10,0.16666666666666666,0.1616161616161616,0.1616161616161616,5,0.5,63,31.5,31.5,6.363961030678928,3,0,0,0.0,2,2026,CURRENT_2026
ATL,WR1,Drake London,2,9,0.18,0.1859083191850594,0.1859083191850594,6,0.6666666666666666,80,40.0,40.0,15.556349186104045,1,0,0,0.0,1,2026,CURRENT_2026
DEN,WR2,Courtland Sutton,2,9,0.16071428571428573,0.1615581098339719,0.1615581098339719,5,0.5555555555555556,36,18.0,18.0,9.899494936611665,3,0,0,0.0,2,2026,CURRENT_2026
LA,WR2,Puka Nacua,1,9,0.15789473684210525,0.3333333333333333,0.3333333333333333,5,0.5555555555555556,74,74.0,74.0,0.0,2,0,0,0.0,2,2026,CURRENT_2026
LAC,WR3,Tre Harris,2,9,0.16981132075471697,0.16880341880341881,0.16880341880341881,4,0.4444444444444444,73,36.5,36.5,23.33452377915607,2,0,0,0.0,3,2026,CURRENT_2026
NE,WR1,DeMario Douglas,2,9,0.17307692307692307,0.16052227342549924,0.16052227342549924,6,0.6666666666666666,29,14.5,14.5,7.7781745930520225,3,0,0,0.0,1,2026,CURRENT_2026
SEA,WR2,Rashid Shaheed,2,9,0.18,0.1778846153846154,0.1778846153846154,4,0.4444444444444444,39,19.5,19.5,21.920310216782973,3,0,0,0.0,2,2026,CURRENT_2026
GB,WR3,Jayden Reed,2,8,0.11594202898550725,0.10474137931034483,0.10474137931034483,4,0.5,24,12.0,12.0,11.313708498984761,3,0,0,0.0,3,2026,CURRENT_2026
HOU,WR3,Jared Wayne,2,8,0.09195402298850575,0.08351351351351352,0.08351351351351352,3,0.375,45,22.5,22.5,14.849242404917497,5,0,0,0.0,3,2026,CURRENT_2026
LV,WR2,Jalen Nailor,2,8,0.13793103448275862,0.13793103448275862,0.13793103448275862,4,0.5,36,18.0,18.0,12.727922061357855,3,0,0,0.0,4,2026,CURRENT_2026
PIT,WR3,Germie Bernard,1,8,0.10810810810810811,0.21621621621621623,0.21621621621621623,4,0.5,35,35.0,35.0,0.0,4,0,0,0.0,3,2026,CURRENT_2026
WAS,WR3,Dyami Brown,2,8,0.12698412698412698,0.12271805273833672,0.12271805273833672,4,0.5,21,10.5,10.5,14.849242404917497,4,0,0,0.0,4,2026,CURRENT_2026
ATL,WR2,Jahan Dotson,2,7,0.14,0.1434634974533107,0.1434634974533107,3,0.42857142857142855,30,15.0,15.0,5.656854249492381,2,0,0,0.0,2,2026,CURRENT_2026
BUF,WR3,Keon Coleman,2,7,0.125,0.125,0.125,7,1.0,64,32.0,32.0,43.840620433565945,4,0,0,0.0,4,2026,CURRENT_2026
CHI,WR3,Rome Odunze,2,7,0.125,0.12435897435897436,0.12435897435897436,5,0.7142857142857143,95,47.5,47.5,6.363961030678928,3,0,0,0.0,4,2026,CURRENT_2026
DEN,WR3,Pat Bryant,2,7,0.125,0.12835249042145594,0.12835249042145594,4,0.5714285714285714,42,21.0,21.0,29.698484809834994,2,0,0,0.0,3,2026,CURRENT_2026
IND,WR3,Alec Pierce,2,7,0.11864406779661017,0.12011494252873563,0.12011494252873563,5,0.7142857142857143,72,36.0,36.0,35.35533905932738,2,0,0,0.0,3,2026,CURRENT_2026
MIN,WR2,Jordan Addison,2,7,0.16666666666666666,0.17505720823798626,0.17505720823798626,2,0.2857142857142857,21,10.5,10.5,14.849242404917497,2,0,0,0.0,2,2026,CURRENT_2026
NE,WR2,Mack Hollins,2,7,0.1346153846153846,0.12826420890937018,0.12826420890937018,6,0.8571428571428571,69,34.5,34.5,23.33452377915607,2,0,0,0.0,2,2026,CURRENT_2026
NE,WR3,Romeo Doubs,2,7,0.1346153846153846,0.1436251920122888,0.1436251920122888,3,0.42857142857142855,96,48.0,48.0,67.88225099390856,1,0,0,0.0,3,2026,CURRENT_2026
NYJ,WR3,Isaiah Williams,2,7,0.11864406779661017,0.10507246376811594,0.10507246376811594,7,1.0,41,20.5,20.5,19.091883092036785,3,0,0,0.0,3,2026,CURRENT_2026
TB,WR3,Chris Godwin Jr.,2,7,0.11666666666666667,0.11952861952861953,0.11952861952861953,7,1.0,86,43.0,43.0,4.242640687119285,1,0,0,0.0,3,2026,CURRENT_2026
TEN,WR2,Wan'Dale Robinson,2,7,0.15555555555555556,0.13655462184873948,0.13655462184873948,6,0.8571428571428571,47,23.5,23.5,20.506096654409877,3,0,0,0.0,3,2026,CURRENT_2026
CAR,WR3,Xavier Legette,2,6,0.09090909090909091,0.09191176470588236,0.09191176470588236,2,0.3333333333333333,64,32.0,32.0,45.254833995939045,3,0,0,0.0,3,2026,CURRENT_2026
DET,WR3,Isaac TeSlaa,2,6,0.07792207792207792,0.07860998650472334,0.07860998650472334,2,0.3333333333333333,26,13.0,13.0,18.384776310850235,3,0,0,0.0,3,2026,CURRENT_2026
BAL,WR3,Chris Moore,2,5,0.09433962264150944,0.09339080459770115,0.09339080459770115,2,0.4,59,29.5,29.5,33.23401871576773,3,0,0,0.0,3,2026,CURRENT_2026
CLE,WR3,Jerry Jeudy,2,5,0.09615384615384616,0.10757575757575757,0.10757575757575757,2,0.4,26,13.0,13.0,18.384776310850235,3,0,0,0.0,3,2026,CURRENT_2026
KC,WR3,Tyquan Thornton,2,5,0.07352941176470588,0.06651162790697675,0.06651162790697675,4,0.8,86,43.0,43.0,60.81118318204309,2,0,0,0.0,4,2026,CURRENT_2026
NO,WR3,Bryce Lance,2,5,0.05952380952380952,0.054086538461538464,0.054086538461538464,4,0.8,50,25.0,25.0,24.041630560342615,3,0,0,0.0,3,2026,CURRENT_2026
NYG,WR3,Darnell Mooney,2,5,0.08196721311475409,0.08135775862068965,0.08135775862068965,4,0.8,75,37.5,37.5,14.849242404917497,1,0,0,0.0,3,2026,CURRENT_2026
PHI,WR3,Makai Lemon,2,5,0.08928571428571429,0.10561497326203209,0.10561497326203209,4,0.8,9,4.5,4.5,13.435028842544403,4,0,0,0.0,4,2026,CURRENT_2026
SEA,WR3,Cooper Kupp,2,5,0.1,0.10096153846153846,0.10096153846153846,4,0.8,55,27.5,27.5,10.606601717798213,2,0,0,0.0,3,2026,CURRENT_2026
ARI,WR3,Marvin Harrison Jr.,2,4,0.06349206349206349,0.059771309771309775,0.059771309771309775,1,0.25,33,16.5,16.5,23.33452377915607,3,0,0,0.0,3,2026,CURRENT_2026
ATL,WR3,Olamide Zaccheaus,2,4,0.08,0.07470288624787776,0.07470288624787776,2,0.5,8,4.0,4.0,1.4142135623730951,4,0,0,0.0,3,2026,CURRENT_2026
CIN,WR3,Andrei Iosivas,2,4,0.06153846153846154,0.06024667931688805,0.06024667931688805,3,0.75,19,9.5,9.5,3.5355339059327378,3,0,0,0.0,3,2026,CURRENT_2026
LA,WR3,Konata Mumpfield,2,3,0.05263157894736842,0.05185185185185185,0.05185185185185185,1,0.3333333333333333,12,6.0,6.0,8.48528137423857,4,0,0,0.0,3,2026,CURRENT_2026
MIA,WR3,Chris Bell,2,3,0.06,0.05877616747181964,0.05877616747181964,1,0.3333333333333333,25,12.5,12.5,17.67766952966369,4,0,0,0.0,4,2026,CURRENT_2026
MIN,WR3,Jauan Jennings,1,1,0.023809523809523808,0.043478260869565216,0.043478260869565216,0,0.0,0,0.0,0.0,0.0,3,0,0,0.0,3,2026,CURRENT_2026
