week,team,player,pos,status,injury,model_impact,verified_date
4,WAS,Jayden Daniels,QB,OUT,Elbow,WR/QB context downgrade and Mariota substitution,2026-10-02
4,WAS,Rachaad White,RB,OUT,Shoulder,Should increase remaining backfield opportunity concentration,2026-10-02
4,WAS,Terry McLaurin,WR,QUESTIONABLE,Hamstring,WR role/target concentration unresolved until inactive list,2026-10-02
4,TB,Baker Mayfield,QB,OUT,Thumb,Passing environment changed; rookie Jalon Daniels starts,2026-10-02
4,TB,Bucky Irving,RB,ACTIVE,,Full practice; no injury downgrade,2026-10-02
4,HOU,Azeez Al-Shaair,LB,OUT,Groin,Dallas RB/short-area matchup context improves,2026-10-02
4,TEN,Tyjae Spears,RB,QUESTIONABLE,Ankle,Pollard backfield share depends on active status,2026-10-02
4,BAL,Zay Flowers,WR,QUESTIONABLE,Hamstring,Ravens WR target concentration unresolved,2026-10-02
4,NE,Christian Gonzalez,CB,OUT,Shoulder,Buffalo WR matchup context improves,2026-10-02
4,BUF,Ray Davis,RB,QUESTIONABLE,Hamstring,James Cook backfield concentration may improve,2026-10-02
4,NYJ,Breece Hall,RB,OUT,Quadricep,Remove Hall; redistribute Jets rushing opportunity,2026-10-02
4,NYJ,Adonai Mitchell,WR,OUT,Finger,Jets WR depth/target redistribution,2026-10-02
4,CHI,Caleb Williams,QB,OUT,Hamstring,Case Keenum passing context for Bears WRs,2026-10-02
4,PHI,DeVonta Smith,WR,OUT,Hamstring,Target concentration shifts toward remaining Eagles receivers,2026-10-02
4,PHI,Marquise Brown,WR,OUT,Ankle,Further Eagles WR target concentration,2026-10-02
4,LAR,Puka Nacua,WR,ACTIVE,,Full practice; restore primary WR role,2026-10-02
4,MIN,Justin Jefferson,WR,OUT,Ankle,Remove from active WR board; redistribute Vikings targets,2026-10-02
4,SEA,Zach Charbonnet,RB,OUT,Knee,Kenneth Walker backfield opportunity concentration improves,2026-10-02
4,LAC,Ladd McConkey,WR,QUESTIONABLE,Foot,Chargers WR target tree unresolved until inactive list,2026-10-02
4,KC,Josh Simmons,T,OUT,Back,Run/pass blocking context downgrade,2026-10-02
4,LV,Jackson Powers-Johnson,G,OUT,Groin,Raiders rushing efficiency context downgrade,2026-10-02
4,DEN,J.K. Dobbins,RB,ACTIVE,,Full practice; no injury downgrade,2026-10-02
4,DEN,Jaylen Waddle,WR,ACTIVE,,Full practice; no injury downgrade,2026-10-02
4,SF,Nick Bosa,DE,OUT,Knee/Calf,Denver rushing/pass matchup context improves,2026-10-02
4,SF,Mike Evans,WR,QUESTIONABLE,Ribs,Do not treat as healthy WR1 until inactive confirmation,2026-10-02
4,SF,Christian McCaffrey,RB,ACTIVE,,Full practice; no injury downgrade,2026-10-02
4,CAR,Xavier Legette,WR,OUT,Knee,Panthers WR target concentration shifts,2026-10-02
4,CAR,Jalen Coker,WR,QUESTIONABLE,Quadricep,Panthers receiving availability unresolved,2026-10-02
4,CAR,Damien Lewis,G,OUT,Elbow,Carolina run/pass blocking downgrade,2026-10-02
4,CAR,Chuba Hubbard,RB,ACTIVE,,Full practice; no injury downgrade,2026-10-02
